[
    {
        "name": "Israel",
        "dial_code": "+972",
        "code": "IL",
        "img_path": "/assets/img/flags/il.png"
    },
    {
        "name": "Afghanistan",
        "dial_code": "+93",
        "code": "AF",
        "img_path": "/assets/img/flags/af.png"

    },
    {
        "name": "Albania",
        "dial_code": "+355",
        "code": "AL",
        "img_path": "/assets/img/flags/al.png"

    },
    {
        "name": "Algeria",
        "dial_code": "+213",
        "code": "DZ",
        "img_path": "/assets/img/flags/dz.png"

    },
    {
        "name": "AmericanSamoa",
        "dial_code": "+1 684",
        "code": "AS",
        "img_path": "/assets/img/flags/as.png"

    },
    {
        "name": "Andorra",
        "dial_code": "+376",
        "code": "AD",
        "img_path": "/assets/img/flags/ad.png"

    },
    {
        "name": "Angola",
        "dial_code": "+244",
        "code": "AO",
        "img_path": "/assets/img/flags/ao.png"

    },
    {
        "name": "Anguilla",
        "dial_code": "+1 264",
        "code": "AI",
        "img_path": "/assets/img/flags/ai.png"

    },
    {
        "name": "Antigua and Barbuda",
        "dial_code": "+1268",
        "code": "AG",
        "img_path": "/assets/img/flags/ag.png"
    },
    {
        "name": "Argentina",
        "dial_code": "+54",
        "code": "AR",
        "img_path": "/assets/img/flags/ar.png"
    },
    {
        "name": "Armenia",
        "dial_code": "+374",
        "code": "AM",
        "img_path": "/assets/img/flags/am.png"
    },
    {
        "name": "Aruba",
        "dial_code": "+297",
        "code": "AW",
        "img_path": "/assets/img/flags/aw.png"
    },
    {
        "name": "Australia",
        "dial_code": "+61",
        "code": "AU",
        "img_path": "/assets/img/flags/au.png"
    },
    {
        "name": "Austria",
        "dial_code": "+43",
        "code": "AT",
        "img_path": "/assets/img/flags/at.png"
    },
    {
        "name": "Azerbaijan",
        "dial_code": "+994",
        "code": "AZ",
        "img_path": "/assets/img/flags/az.png"
    },
    {
        "name": "Bahamas",
        "dial_code": "+1 242",
        "code": "BS",
        "img_path": "/assets/img/flags/bs.png"
    },
    {
        "name": "Bahrain",
        "dial_code": "+973",
        "code": "BH",
        "img_path": "/assets/img/flags/bh.png"
    },
    {
        "name": "Bangladesh",
        "dial_code": "+880",
        "code": "BD",
        "img_path": "/assets/img/flags/bd.png"
    },
    {
        "name": "Barbados",
        "dial_code": "+1 246",
        "code": "BB",
        "img_path": "/assets/img/flags/bb.png"
    },
    {
        "name": "Belarus",
        "dial_code": "+375",
        "code": "BY",
        "img_path": "/assets/img/flags/by.png"
    },
    {
        "name": "Belgium",
        "dial_code": "+32",
        "code": "BE",
        "img_path": "/assets/img/flags/be.png"
        
    },
    {
        "name": "Belize",
        "dial_code": "+501",
        "code": "BZ",
        "img_path": "/assets/img/flags/bz.png"
    },
    {
        "name": "Benin",
        "dial_code": "+229",
        "code": "BJ",
        "img_path": "/assets/img/flags/bj.png"
    },
    {
        "name": "Bermuda",
        "dial_code": "+1 441",
        "code": "BM",
        "img_path": "/assets/img/flags/bm.png"
    },
    {
        "name": "Bhutan",
        "dial_code": "+975",
        "code": "BT",
        "img_path": "/assets/img/flags/bt.png"
    },
    {
        "name": "Bosnia and Herzegovina",
        "dial_code": "+387",
        "code": "BA",
        "img_path": "/assets/img/flags/ba.png"
    },
    {
        "name": "Botswana",
        "dial_code": "+267",
        "code": "BW",
        "img_path": "/assets/img/flags/bw.png"
    },
    {
        "name": "Brazil",
        "dial_code": "+55",
        "code": "BR",
        "img_path": "/assets/img/flags/br.png"
    },
    {
        "name": "British Indian Ocean Territory",
        "dial_code": "+246",
        "code": "IO",
        "img_path": "/assets/img/flags/io.png"
    },
    {
        "name": "Bulgaria",
        "dial_code": "+359",
        "code": "BG",
        "img_path": "/assets/img/flags/bg.png"
    },
    {
        "name": "Burkina Faso",
        "dial_code": "+226",
        "code": "BF",
        "img_path": "/assets/img/flags/bf.png"
    },
    {
        "name": "Burundi",
        "dial_code": "+257",
        "code": "BI",
        "img_path": "/assets/img/flags/bi.png"
    },
    {
        "name": "Cambodia",
        "dial_code": "+855",
        "code": "KH",
        "img_path": "/assets/img/flags/kh.png"
    },
    {
        "name": "Cameroon",
        "dial_code": "+237",
        "code": "CM",
        "img_path": "/assets/img/flags/cm.png"
    },
    {
        "name": "Canada",
        "dial_code": "+1",
        "code": "CA",
        "img_path": "/assets/img/flags/ca.png"
    },
    {
        "name": "Cape Verde",
        "dial_code": "+238",
        "code": "CV",
        "img_path": "/assets/img/flags/cv.png"
    },
    {
        "name": "Cayman Islands",
        "dial_code": "+ 345",
        "code": "KY",
        "img_path": "/assets/img/flags/ky.png"
    },
    {
        "name": "Central African Republic",
        "dial_code": "+236",
        "code": "CF",
        "img_path": "/assets/img/flags/cf.png"
    },
    {
        "name": "Chad",
        "dial_code": "+235",
        "code": "TD",
        "img_path": "/assets/img/flags/td.png"
    },
    {
        "name": "Chile",
        "dial_code": "+56",
        "code": "CL",
        "img_path": "/assets/img/flags/cl.png"
    },
    {
        "name": "China",
        "dial_code": "+86",
        "code": "CN",
        "img_path": "/assets/img/flags/cn.png"
    },
    {
        "name": "Christmas Island",
        "dial_code": "+61",
        "code": "CX",
        "img_path": "/assets/img/flags/cx.png"
    },
    {
        "name": "Colombia",
        "dial_code": "+57",
        "code": "CO",
        "img_path": "/assets/img/flags/co.png"
    },
    {
        "name": "Comoros",
        "dial_code": "+269",
        "code": "KM",
        "img_path": "/assets/img/flags/km.png"
    },
    {
        "name": "Congo",
        "dial_code": "+242",
        "code": "CG",
        "img_path": "/assets/img/flags/cg.png"
    },
    {
        "name": "Cook Islands",
        "dial_code": "+682",
        "code": "CK",
        "img_path": "/assets/img/flags/ck.png"
    },
    {
        "name": "Costa Rica",
        "dial_code": "+506",
        "code": "CR",
        "img_path": "/assets/img/flags/cr.png"
    },
    {
        "name": "Croatia",
        "dial_code": "+385",
        "code": "HR",
        "img_path": "/assets/img/flags/hr.png"
    },
    {
        "name": "Cuba",
        "dial_code": "+53",
        "code": "CU",
        "img_path": "/assets/img/flags/cu.png"
    },
    {
        "name": "Cyprus",
        "dial_code": "+537",
        "code": "CY",
        "img_path": "/assets/img/flags/cy.png"
    },
    {
        "name": "Czech Republic",
        "dial_code": "+420",
        "code": "CZ",
        "img_path": "/assets/img/flags/cz.png"
    },
    {
        "name": "Denmark",
        "dial_code": "+45",
        "code": "DK",
        "img_path": "/assets/img/flags/dk.png"
    },
    {
        "name": "Djibouti",
        "dial_code": "+253",
        "code": "DJ",
        "img_path": "/assets/img/flags/dj.png"
    },
    {
        "name": "Dominica",
        "dial_code": "+1 767",
        "code": "DM",
        "img_path": "/assets/img/flags/dm.png"
    },
    {
        "name": "Dominican Republic",
        "dial_code": "+1 849",
        "code": "DO",
        "img_path": "/assets/img/flags/do.png"
    },
    {
        "name": "Ecuador",
        "dial_code": "+593",
        "code": "EC",
        "img_path": "/assets/img/flags/ec.png"
    },
    {
        "name": "Egypt",
        "dial_code": "+20",
        "code": "EG",
        "img_path": "/assets/img/flags/eg.png"
    },
    {
        "name": "El Salvador",
        "dial_code": "+503",
        "code": "SV",
        "img_path": "/assets/img/flags/sv.png"
    },
    {
        "name": "Equatorial Guinea",
        "dial_code": "+240",
        "code": "GQ",
        "img_path": "/assets/img/flags/gq.png"
    },
    {
        "name": "Eritrea",
        "dial_code": "+291",
        "code": "ER",
        "img_path": "/assets/img/flags/er.png"
    },
    {
        "name": "Estonia",
        "dial_code": "+372",
        "code": "EE",
        "img_path": "/assets/img/flags/ee.png"
    },
    {
        "name": "Ethiopia",
        "dial_code": "+251",
        "code": "ET",
        "img_path": "/assets/img/flags/et.png"
    },
    {
        "name": "Faroe Islands",
        "dial_code": "+298",
        "code": "FO",
        "img_path": "/assets/img/flags/fo.png"
    },
    {
        "name": "Fiji",
        "dial_code": "+679",
        "code": "FJ",
        "img_path": "/assets/img/flags/fj.png"
    },
    {
        "name": "Finland",
        "dial_code": "+358",
        "code": "FI",
        "img_path": "/assets/img/flags/fi.png"
    },
    {
        "name": "France",
        "dial_code": "+33",
        "code": "FR",
        "img_path": "/assets/img/flags/fr.png"
    },
    {
        "name": "French Guiana",
        "dial_code": "+594",
        "code": "GF",
        "img_path": "/assets/img/flags/gf.png"
    },
    {
        "name": "French Polynesia",
        "dial_code": "+689",
        "code": "PF",
        "img_path": "/assets/img/flags/pf.png"
    },
    {
        "name": "Gabon",
        "dial_code": "+241",
        "code": "GA",
        "img_path": "/assets/img/flags/ga.png"
    },
    {
        "name": "Gambia",
        "dial_code": "+220",
        "code": "GM",
        "img_path": "/assets/img/flags/gm.png"
    },
    {
        "name": "Georgia",
        "dial_code": "+995",
        "code": "GE",
        "img_path": "/assets/img/flags/ge.png"
    },
    {
        "name": "Germany",
        "dial_code": "+49",
        "code": "DE",
        "img_path": "/assets/img/flags/de.png"
    },
    {
        "name": "Ghana",
        "dial_code": "+233",
        "code": "GH",
        "img_path": "/assets/img/flags/gh.png"
    },
    {
        "name": "Gibraltar",
        "dial_code": "+350",
        "code": "GI",
        "img_path": "/assets/img/flags/gi.png"
    },
    {
        "name": "Greece",
        "dial_code": "+30",
        "code": "GR",
        "img_path": "/assets/img/flags/gr.png"
    },
    {
        "name": "Greenland",
        "dial_code": "+299",
        "code": "GL",
        "img_path": "/assets/img/flags/gl.png"
    },
    {
        "name": "Grenada",
        "dial_code": "+1 473",
        "code": "GD",
        "img_path": "/assets/img/flags/gd.png"
    },
    {
        "name": "Guadeloupe",
        "dial_code": "+590",
        "code": "GP",
        "img_path": "/assets/img/flags/gp.png"
    },
    {
        "name": "Guam",
        "dial_code": "+1 671",
        "code": "GU",
        "img_path": "/assets/img/flags/gu.png"
    },
    {
        "name": "Guatemala",
        "dial_code": "+502",
        "code": "GT",
        "img_path": "/assets/img/flags/gt.png"
    },
    {
        "name": "Guinea",
        "dial_code": "+224",
        "code": "GN",
        "img_path": "/assets/img/flags/gn.png"
    },
    {
        "name": "Guinea-Bissau",
        "dial_code": "+245",
        "code": "GW",
        "img_path": "/assets/img/flags/gw.png"
    },
    {
        "name": "Guyana",
        "dial_code": "+595",
        "code": "GY",
        "img_path": "/assets/img/flags/gy.png"
    },
    {
        "name": "Haiti",
        "dial_code": "+509",
        "code": "HT",
        "img_path": "/assets/img/flags/ht.png"
    },
    {
        "name": "Honduras",
        "dial_code": "+504",
        "code": "HN",
        "img_path": "/assets/img/flags/hn.png"
    },
    {
        "name": "Hungary",
        "dial_code": "+36",
        "code": "HU",
        "img_path": "/assets/img/flags/hu.png"
    },
    {
        "name": "Iceland",
        "dial_code": "+354",
        "code": "IS",
        "img_path": "/assets/img/flags/is.png"
    },
    {
        "name": "India",
        "dial_code": "+91",
        "code": "IN",
        "img_path": "/assets/img/flags/in.png"
    },
    {
        "name": "Indonesia",
        "dial_code": "+62",
        "code": "ID",
        "img_path": "/assets/img/flags/id.png"
    },
    {
        "name": "Iraq",
        "dial_code": "+964",
        "code": "IQ",
        "img_path": "/assets/img/flags/iq.png"
    },
    {
        "name": "Ireland",
        "dial_code": "+353",
        "code": "IE",
        "img_path": "/assets/img/flags/ie.png"
    },
    {
        "name": "Israel",
        "dial_code": "+972",
        "code": "IL",
        "img_path": "/assets/img/flags/il.png"
    },
    {
        "name": "Italy",
        "dial_code": "+39",
        "code": "IT",
        "img_path": "/assets/img/flags/it.png"
    },
    {
        "name": "Jamaica",
        "dial_code": "+1 876",
        "code": "JM",
        "img_path": "/assets/img/flags/jm.png"
    },
    {
        "name": "Japan",
        "dial_code": "+81",
        "code": "JP",
        "img_path": "/assets/img/flags/jp.png"
    },
    {
        "name": "Jordan",
        "dial_code": "+962",
        "code": "JO",
        "img_path": "/assets/img/flags/jo.png"
    },
    {
        "name": "Kazakhstan",
        "dial_code": "+7 7",
        "code": "KZ",
        "img_path": "/assets/img/flags/kz.png"
    },
    {
        "name": "Kenya",
        "dial_code": "+254",
        "code": "KE",
        "img_path": "/assets/img/flags/ke.png"
    },
    {
        "name": "Kiribati",
        "dial_code": "+686",
        "code": "KI",
        "img_path": "/assets/img/flags/ki.png"
    },
    {
        "name": "Kuwait",
        "dial_code": "+965",
        "code": "KW",
        "img_path": "/assets/img/flags/kw.png"
    },
    {
        "name": "Kyrgyzstan",
        "dial_code": "+996",
        "code": "KG",
        "img_path": "/assets/img/flags/kg.png"
    },
    {
        "name": "Latvia",
        "dial_code": "+371",
        "code": "LV",
        "img_path": "/assets/img/flags/lv.png"
    },
    {
        "name": "Lebanon",
        "dial_code": "+961",
        "code": "LB",
        "img_path": "/assets/img/flags/lb.png"
    },
    {
        "name": "Lesotho",
        "dial_code": "+266",
        "code": "LS",
        "img_path": "/assets/img/flags/ls.png"
    },
    {
        "name": "Liberia",
        "dial_code": "+231",
        "code": "LR",
        "img_path": "/assets/img/flags/lr.png"
    },
    {
        "name": "Liechtenstein",
        "dial_code": "+423",
        "code": "LI",
        "img_path": "/assets/img/flags/li.png"
    },
    {
        "name": "Lithuania",
        "dial_code": "+370",
        "code": "LT",
        "img_path": "/assets/img/flags/lt.png"
    },
    {
        "name": "Luxembourg",
        "dial_code": "+352",
        "code": "LU",
        "img_path": "/assets/img/flags/lu.png"
    },
    {
        "name": "Madagascar",
        "dial_code": "+261",
        "code": "MG",
        "img_path": "/assets/img/flags/mg.png"
    },
    {
        "name": "Malawi",
        "dial_code": "+265",
        "code": "MW",
        "img_path": "/assets/img/flags/mw.png"
    },
    {
        "name": "Malaysia",
        "dial_code": "+60",
        "code": "MY",
        "img_path": "/assets/img/flags/my.png"
    },
    {
        "name": "Maldives",
        "dial_code": "+960",
        "code": "MV",
        "img_path": "/assets/img/flags/mv.png"
    },
    {
        "name": "Mali",
        "dial_code": "+223",
        "code": "ML",
        "img_path": "/assets/img/flags/ml.png"
    },
    {
        "name": "Malta",
        "dial_code": "+356",
        "code": "MT",
        "img_path": "/assets/img/flags/mt.png"
    },
    {
        "name": "Marshall Islands",
        "dial_code": "+692",
        "code": "MH",
        "img_path": "/assets/img/flags/mh.png"
    },
    {
        "name": "Martinique",
        "dial_code": "+596",
        "code": "MQ",
        "img_path": "/assets/img/flags/mq.png"
    },
    {
        "name": "Mauritania",
        "dial_code": "+222",
        "code": "MR",
        "img_path": "/assets/img/flags/mr.png"
    },
    {
        "name": "Mauritius",
        "dial_code": "+230",
        "code": "MU",
        "img_path": "/assets/img/flags/mu.png"
    },
    {
        "name": "Mayotte",
        "dial_code": "+262",
        "code": "YT",
        "img_path": "/assets/img/flags/yt.png"
    },
    {
        "name": "Mexico",
        "dial_code": "+52",
        "code": "MX",
        "img_path": "/assets/img/flags/mx.png"
    },
    {
        "name": "Monaco",
        "dial_code": "+377",
        "code": "MC",
        "img_path": "/assets/img/flags/mc.png"
    },
    {
        "name": "Mongolia",
        "dial_code": "+976",
        "code": "MN",
        "img_path": "/assets/img/flags/mn.png"
    },
    {
        "name": "Montenegro",
        "dial_code": "+382",
        "code": "ME",
        "img_path": "/assets/img/flags/me.png"
    },
    {
        "name": "Montserrat",
        "dial_code": "+1664",
        "code": "MS",
        "img_path": "/assets/img/flags/ms.png"
    },
    {
        "name": "Morocco",
        "dial_code": "+212",
        "code": "MA",
        "img_path": "/assets/img/flags/ma.png"
    },
    {
        "name": "Myanmar",
        "dial_code": "+95",
        "code": "MM",
        "img_path": "/assets/img/flags/mm.png"
    },
    {
        "name": "Namibia",
        "dial_code": "+264",
        "code": "NA",
        "img_path": "/assets/img/flags/na.png"
    },
    {
        "name": "Nauru",
        "dial_code": "+674",
        "code": "NR",
        "img_path": "/assets/img/flags/nr.png"
    },
    {
        "name": "Nepal",
        "dial_code": "+977",
        "code": "NP",
        "img_path": "/assets/img/flags/np.png"
    },
    {
        "name": "Netherlands",
        "dial_code": "+31",
        "code": "NL",
        "img_path": "/assets/img/flags/nl.png"
    },
    {
        "name": "Netherlands Antilles",
        "dial_code": "+599",
        "code": "AN",
        "img_path": "/assets/img/flags/an.png"
    },
    {
        "name": "New Caledonia",
        "dial_code": "+687",
        "code": "NC",
        "img_path": "/assets/img/flags/nc.png"
    },
    {
        "name": "New Zealand",
        "dial_code": "+64",
        "code": "NZ",
        "img_path": "/assets/img/flags/nz.png"
    },
    {
        "name": "Nicaragua",
        "dial_code": "+505",
        "code": "NI",
        "img_path": "/assets/img/flags/ni.png"
    },
    {
        "name": "Niger",
        "dial_code": "+227",
        "code": "NE",
        "img_path": "/assets/img/flags/ne.png"
    },
    {
        "name": "Nigeria",
        "dial_code": "+234",
        "code": "NG",
        "img_path": "/assets/img/flags/ng.png"
    },
    {
        "name": "Niue",
        "dial_code": "+683",
        "code": "NU",
        "img_path": "/assets/img/flags/nu.png"
    },
    {
        "name": "Norfolk Island",
        "dial_code": "+672",
        "code": "NF",
        "img_path": "/assets/img/flags/nf.png"
    },
    {
        "name": "Northern Mariana Islands",
        "dial_code": "+1 670",
        "code": "MP",
        "img_path": "/assets/img/flags/mp.png"
    },
    {
        "name": "Norway",
        "dial_code": "+47",
        "code": "NO",
        "img_path": "/assets/img/flags/no.png"
    },
    {
        "name": "Oman",
        "dial_code": "+968",
        "code": "OM",
        "img_path": "/assets/img/flags/om.png"
    },
    {
        "name": "Pakistan",
        "dial_code": "+92",
        "code": "PK",
        "img_path": "/assets/img/flags/pk.png"
    },
    {
        "name": "Palau",
        "dial_code": "+680",
        "code": "PW",
        "img_path": "/assets/img/flags/pw.png"
    },
    {
        "name": "Panama",
        "dial_code": "+507",
        "code": "PA",
        "img_path": "/assets/img/flags/pa.png"
    },
    {
        "name": "Papua New Guinea",
        "dial_code": "+675",
        "code": "PG",
        "img_path": "/assets/img/flags/pg.png"
    },
    {
        "name": "Paraguay",
        "dial_code": "+595",
        "code": "PY",
        "img_path": "/assets/img/flags/py.png"
    },
    {
        "name": "Peru",
        "dial_code": "+51",
        "code": "PE",
        "img_path": "/assets/img/flags/pe.png"
    },
    {
        "name": "Philippines",
        "dial_code": "+63",
        "code": "PH",
        "img_path": "/assets/img/flags/ph.png"
    },
    {
        "name": "Poland",
        "dial_code": "+48",
        "code": "PL",
        "img_path": "/assets/img/flags/pl.png"
    },
    {
        "name": "Portugal",
        "dial_code": "+351",
        "code": "PT",
        "img_path": "/assets/img/flags/pt.png"
    },
    {
        "name": "Puerto Rico",
        "dial_code": "+1 939",
        "code": "PR",
        "img_path": "/assets/img/flags/pr.png"
    },
    {
        "name": "Qatar",
        "dial_code": "+974",
        "code": "QA",
        "img_path": "/assets/img/flags/qa.png"
    },
    {
        "name": "Romania",
        "dial_code": "+40",
        "code": "RO",
        "img_path": "/assets/img/flags/ro.png"
    },
    {
        "name": "Rwanda",
        "dial_code": "+250",
        "code": "RW",
        "img_path": "/assets/img/flags/rw.png"
    },
    {
        "name": "Samoa",
        "dial_code": "+685",
        "code": "WS",
        "img_path": "/assets/img/flags/ws.png"
    },
    {
        "name": "San Marino",
        "dial_code": "+378",
        "code": "SM",
        "img_path": "/assets/img/flags/sm.png"
    },
    {
        "name": "Saudi Arabia",
        "dial_code": "+966",
        "code": "SA",
        "img_path": "/assets/img/flags/sa.png"
    },
    {
        "name": "Senegal",
        "dial_code": "+221",
        "code": "SN",
        "img_path": "/assets/img/flags/sn.png"
    },
    {
        "name": "Serbia",
        "dial_code": "+381",
        "code": "RS",
        "img_path": "/assets/img/flags/rs.png"
    },
    {
        "name": "Seychelles",
        "dial_code": "+248",
        "code": "SC",
        "img_path": "/assets/img/flags/sc.png"
    },
    {
        "name": "Sierra Leone",
        "dial_code": "+232",
        "code": "SL",
        "img_path": "/assets/img/flags/sl.png"
    },
    {
        "name": "Singapore",
        "dial_code": "+65",
        "code": "SG",
        "img_path": "/assets/img/flags/sg.png"
    },
    {
        "name": "Slovakia",
        "dial_code": "+421",
        "code": "SK",
        "img_path": "/assets/img/flags/sk.png"
    },
    {
        "name": "Slovenia",
        "dial_code": "+386",
        "code": "SI",
        "img_path": "/assets/img/flags/si.png"
    },
    {
        "name": "Solomon Islands",
        "dial_code": "+677",
        "code": "SB",
        "img_path": "/assets/img/flags/sb.png"
    },
    {
        "name": "South Africa",
        "dial_code": "+27",
        "code": "ZA",
        "img_path": "/assets/img/flags/za.png"
    },
    {
        "name": "South Georgia and the South Sandwich Islands",
        "dial_code": "+500",
        "code": "GS",
        "img_path": "/assets/img/flags/gs.png"
    },
    {
        "name": "Spain",
        "dial_code": "+34",
        "code": "ES",
        "img_path": "/assets/img/flags/es.png"
    },
    {
        "name": "Sri Lanka",
        "dial_code": "+94",
        "code": "LK",
        "img_path": "/assets/img/flags/lk.png"
    },
    {
        "name": "Sudan",
        "dial_code": "+249",
        "code": "SD",
        "img_path": "/assets/img/flags/sd.png"
    },
    {
        "name": "Suriname",
        "dial_code": "+597",
        "code": "SR",
        "img_path": "/assets/img/flags/sr.png"
    },
    {
        "name": "Swaziland",
        "dial_code": "+268",
        "code": "SZ",
        "img_path": "/assets/img/flags/sz.png"
    },
    {
        "name": "Sweden",
        "dial_code": "+46",
        "code": "SE",
        "img_path": "/assets/img/flags/se.png"
    },
    {
        "name": "Switzerland",
        "dial_code": "+41",
        "code": "CH",
        "img_path": "/assets/img/flags/ch.png"
    },
    {
        "name": "Tajikistan",
        "dial_code": "+992",
        "code": "TJ",
        "img_path": "/assets/img/flags/tj.png"
    },
    {
        "name": "Thailand",
        "dial_code": "+66",
        "code": "TH",
        "img_path": "/assets/img/flags/th.png"
    },
    {
        "name": "Togo",
        "dial_code": "+228",
        "code": "TG",
        "img_path": "/assets/img/flags/tg.png"
    },
    {
        "name": "Tokelau",
        "dial_code": "+690",
        "code": "TK",
        "img_path": "/assets/img/flags/tk.png"
    },
    {
        "name": "Tonga",
        "dial_code": "+676",
        "code": "TO",
        "img_path": "/assets/img/flags/to.png"
    },
    {
        "name": "Trinidad and Tobago",
        "dial_code": "+1 868",
        "code": "TT",
        "img_path": "/assets/img/flags/tt.png"
    },
    {
        "name": "Tunisia",
        "dial_code": "+216",
        "code": "TN",
        "img_path": "/assets/img/flags/tn.png"
    },
    {
        "name": "Turkey",
        "dial_code": "+90",
        "code": "TR",
        "img_path": "/assets/img/flags/tr.png"
    },
    {
        "name": "Turkmenistan",
        "dial_code": "+993",
        "code": "TM",
        "img_path": "/assets/img/flags/tm.png"
    },
    {
        "name": "Turks and Caicos Islands",
        "dial_code": "+1 649",
        "code": "TC",
        "img_path": "/assets/img/flags/tc.png"
    },
    {
        "name": "Tuvalu",
        "dial_code": "+688",
        "code": "TV",
        "img_path": "/assets/img/flags/tv.png"
    },
    {
        "name": "Uganda",
        "dial_code": "+256",
        "code": "UG",
        "img_path": "/assets/img/flags/ug.png"
    },
    {
        "name": "Ukraine",
        "dial_code": "+380",
        "code": "UA",
        "img_path": "/assets/img/flags/ua.png"
    },
    {
        "name": "United Arab Emirates",
        "dial_code": "+971",
        "code": "AE",
        "img_path": "/assets/img/flags/ae.png"
    },
    {
        "name": "United Kingdom",
        "dial_code": "+44",
        "code": "GB",
        "img_path": "/assets/img/flags/gb.png"
    },
    {
        "name": "United States",
        "dial_code": "+1",
        "code": "US",
        "img_path": "/assets/img/flags/us.png"
    },
    {
        "name": "Uruguay",
        "dial_code": "+598",
        "code": "UY",
        "img_path": "/assets/img/flags/uy.png"
    },
    {
        "name": "Uzbekistan",
        "dial_code": "+998",
        "code": "UZ",
        "img_path": "/assets/img/flags/uz.png"
    },
    {
        "name": "Vanuatu",
        "dial_code": "+678",
        "code": "VU",
        "img_path": "/assets/img/flags/vu.png"
    },
    {
        "name": "Wallis and Futuna",
        "dial_code": "+681",
        "code": "WF",
        "img_path": "/assets/img/flags/wf.png"
    },
    {
        "name": "Yemen",
        "dial_code": "+967",
        "code": "YE",
        "img_path": "/assets/img/flags/ye.png"
    },
    {
        "name": "Zambia",
        "dial_code": "+260",
        "code": "ZM",
        "img_path": "/assets/img/flags/zm.png"
    },
    {
        "name": "Zimbabwe",
        "dial_code": "+263",
        "code": "ZW",
        "img_path": "/assets/img/flags/zw.png"
    },
    {
        "name": "land Islands",
        "dial_code": "",
        "code": "AX",
        "img_path": "/assets/img/flags/ax.png"
    },
    {
        "name": "Antarctica",
        "dial_code": null,
        "code": "AQ",
        "img_path": "/assets/img/flags/aq.png"
    },
    {
        "name": "Bolivia, Plurinational State of",
        "dial_code": "+591",
        "code": "BO",
        "img_path": "/assets/img/flags/bo.png"
    },
    {
        "name": "Brunei Darussalam",
        "dial_code": "+673",
        "code": "BN",
        "img_path": "/assets/img/flags/bn.png"
    },
    {
        "name": "Cocos (Keeling) Islands",
        "dial_code": "+61",
        "code": "CC",
        "img_path": "/assets/img/flags/cc.png"
    },
    {
        "name": "Congo, The Democratic Republic of the",
        "dial_code": "+243",
        "code": "CD",
        "img_path": "/assets/img/flags/cd.png"
    },
    {
        "name": "Cote d'Ivoire",
        "dial_code": "+225",
        "code": "CI",
        "img_path": "/assets/img/flags/ci.png"
    },
    {
        "name": "Falkland Islands (Malvinas)",
        "dial_code": "+500",
        "code": "FK",
        "img_path": "/assets/img/flags/fk.png"
    },
    {
        "name": "Guernsey",
        "dial_code": "+44",
        "code": "GG",
        "img_path": "/assets/img/flags/gg.png"
    },
    {
        "name": "Holy See (Vatican City State)",
        "dial_code": "+379",
        "code": "VA",
        "img_path": "/assets/img/flags/va.png"
    },
    {
        "name": "Hong Kong",
        "dial_code": "+852",
        "code": "HK",
        "img_path": "/assets/img/flags/hk.png"
    },
    {
        "name": "Iran, Islamic Republic of",
        "dial_code": "+98",
        "code": "IR",
        "img_path": "/assets/img/flags/ir.png"
    },
    {
        "name": "Isle of Man",
        "dial_code": "+44",
        "code": "IM",
        "img_path": "/assets/img/flags/im.png"
    },
    {
        "name": "Jersey",
        "dial_code": "+44",
        "code": "JE",
        "img_path": "/assets/img/flags/je.png"
    },
    {
        "name": "Korea, Democratic People's Republic of",
        "dial_code": "+850",
        "code": "KP",
        "img_path": "/assets/img/flags/kp.png"
    },
    {
        "name": "Korea, Republic of",
        "dial_code": "+82",
        "code": "KR",
        "img_path": "/assets/img/flags/kr.png"
    },
    {
        "name": "Lao People's Democratic Republic",
        "dial_code": "+856",
        "code": "LA",
        "img_path": "/assets/img/flags/la.png"
    },
    {
        "name": "Libyan Arab Jamahiriya",
        "dial_code": "+218",
        "code": "LY",
        "img_path": "/assets/img/flags/ly.png"
    },
    {
        "name": "Macao",
        "dial_code": "+853",
        "code": "MO",
        "img_path": "/assets/img/flags/mo.png"
    },
    {
        "name": "Macedonia, The Former Yugoslav Republic of",
        "dial_code": "+389",
        "code": "MK",
        "img_path": "/assets/img/flags/mk.png"
    },
    {
        "name": "Micronesia, Federated States of",
        "dial_code": "+691",
        "code": "FM",
        "img_path": "/assets/img/flags/fm.png"
    },
    {
        "name": "Moldova, Republic of",
        "dial_code": "+373",
        "code": "MD",
        "img_path": "/assets/img/flags/md.png"
    },
    {
        "name": "Mozambique",
        "dial_code": "+258",
        "code": "MZ",
        "img_path": "/assets/img/flags/mz.png"
    },
    {
        "name": "Palestinian Territory, Occupied",
        "dial_code": "+970",
        "code": "PS",
        "img_path": "/assets/img/flags/ps.png"
    },
    {
        "name": "Pitcairn",
        "dial_code": "+872",
        "code": "PN",
        "img_path": "/assets/img/flags/pn.png"
    },
    {
        "name": "Réunion",
        "dial_code": "+262",
        "code": "RE",
        "img_path": "/assets/img/flags/re.png"
    },
    {
        "name": "Russia",
        "dial_code": "+7",
        "code": "RU",
        "img_path": "/assets/img/flags/ru.png"
    },
    {
        "name": "Saint Barthélemy",
        "dial_code": "+590",
        "code": "BL",
        "img_path": "/assets/img/flags/bl.png"
    },
    {
        "name": "Saint Helena, Ascension and Tristan Da Cunha",
        "dial_code": "+290",
        "code": "SH",
        "img_path": "/assets/img/flags/sh.png"
    },
    {
        "name": "Saint Kitts and Nevis",
        "dial_code": "+1 869",
        "code": "KN",
        "img_path": "/assets/img/flags/kn.png"
    },
    {
        "name": "Saint Lucia",
        "dial_code": "+1 758",
        "code": "LC",
        "img_path": "/assets/img/flags/lc.png"
    },
    {
        "name": "Saint Martin",
        "dial_code": "+590",
        "code": "MF",
        "img_path": "/assets/img/flags/mf.png"
    },
    {
        "name": "Saint Pierre and Miquelon",
        "dial_code": "+508",
        "code": "PM",
        "img_path": "/assets/img/flags/pm.png"
    },
    {
        "name": "Saint Vincent and the Grenadines",
        "dial_code": "+1 784",
        "code": "VC",
        "img_path": "/assets/img/flags/vc.png"
    },
    {
        "name": "Sao Tome and Principe",
        "dial_code": "+239",
        "code": "ST",
        "img_path": "/assets/img/flags/st.png"
    },
    {
        "name": "Somalia",
        "dial_code": "+252",
        "code": "SO",
        "img_path": "/assets/img/flags/so.png"
    },
    {
        "name": "Svalbard and Jan Mayen",
        "dial_code": "+47",
        "code": "SJ",
        "img_path": "/assets/img/flags/sj.png"
    },
    {
        "name": "Syrian Arab Republic",
        "dial_code": "+963",
        "code": "SY",
        "img_path": "/assets/img/flags/sy.png"
    },
    {
        "name": "Taiwan, Province of China",
        "dial_code": "+886",
        "code": "TW",
        "img_path": "/assets/img/flags/tw.png"
    },
    {
        "name": "Tanzania, United Republic of",
        "dial_code": "+255",
        "code": "TZ",
        "img_path": "/assets/img/flags/tz.png"
    },
    {
        "name": "Timor-Leste",
        "dial_code": "+670",
        "code": "TL",
        "img_path": "/assets/img/flags/tl.png"
    },
    {
        "name": "Venezuela, Bolivarian Republic of",
        "dial_code": "+58",
        "code": "VE",
        "img_path": "/assets/img/flags/ve.png"
    },
    {
        "name": "Viet Nam",
        "dial_code": "+84",
        "code": "VN",
        "img_path": "/assets/img/flags/vn.png"
    },
    {
        "name": "Virgin Islands, British",
        "dial_code": "+1 284",
        "code": "VG",
        "img_path": "/assets/img/flags/vg.png"
    },
    {
        "name": "Virgin Islands, U.S.",
        "dial_code": "+1 340",
        "code": "VI",
        "img_path": "/assets/img/flags/vi.png"
    }
]